,f_ml,f_v1,ml,v1
1,0.202027829,-0.121287753,0.255,-0.06
2,0.199167064,-0.124544386,0.27,-0.04
3,0.199014423,-0.126161511,0.275,-0.02
4,0.200099103,-0.123894293,0.235,-0.03
5,0.19951919,-0.116348791,0.235,-0.055
6,0.193952016,-0.103405475,0.225,-0.075
7,0.180873914,-0.086236484,0.23,-0.055
8,0.159554368,-0.066922289,0.205,-0.005
9,0.131458688,-0.047800943,0.195,0.035
10,0.099894829,-0.030764615,0.15,0.04
11,0.069004019,-0.016728368,0.12,0.045
12,0.042428948,-0.005433542,0.095,0.075
13,0.022114359,0.004365047,0.095,0.1
14,0.007658973,0.014404223,0.085,0.09
15,-0.003544598,0.026282363,0.065,0.09
16,-0.01541217,0.040903332,0.025,0.115
17,-0.031802486,0.058170835,0,0.11
18,-0.05513701,0.077020468,-0.02,0.15
19,-0.08546813,0.095762813,-0.03,0.175
20,-0.120311903,0.112610722,-0.035,0.21
21,-0.155307501,0.12621011,-0.06,0.235
22,-0.18549095,0.136002025,-0.09,0.22
23,-0.206768631,0.142308833,-0.13,0.205
24,-0.217113844,0.146134809,-0.13,0.2
25,-0.21710713,0.148766873,-0.13,0.215
26,-0.209662857,0.151322663,-0.125,0.235
27,-0.199054362,0.154401304,-0.125,0.245
28,-0.189576063,0.157947145,-0.135,0.24
29,-0.184288369,0.161356401,-0.13,0.235
30,-0.18424672,0.163770778,-0.14,0.235
31,-0.188438731,0.164440671,-0.12,0.26
32,-0.194406913,0.163023912,-0.125,0.265
33,-0.199304546,0.159717777,-0.13,0.255
34,-0.200996675,0.155188516,-0.18,0.255
35,-0.198820356,0.150338465,-0.195,0.235
36,-0.193753208,0.146008113,-0.18,0.23
37,-0.187956556,0.142729024,-0.15,0.23
38,-0.183881567,0.140617864,-0.145,0.245
39,-0.183276631,0.139442863,-0.155,0.25
40,-0.18646173,0.138824721,-0.16,0.245
41,-0.192133996,0.138480682,-0.18,0.245
42,-0.197776272,0.138403374,-0.19,0.25
43,-0.200526057,0.138891677,-0.185,0.245
44,-0.198200422,0.140409903,-0.16,0.245
45,-0.190118507,0.143322084,-0.145,0.25
46,-0.177433666,0.147603593,-0.14,0.255
47,-0.162855856,0.15265125,-0.165,0.25
48,-0.14985211,0.157286766,-0.15,0.25
49,-0.141587572,0.159984617,-0.13,0.27
50,-0.139953184,0.159275475,-0.12,0.3
51,-0.144992587,0.154208166,-0.11,0.3
52,-0.154904392,0.144721269,-0.125,0.285
53,-0.166605103,0.131792788,-0.155,0.23
54,-0.17665796,0.117298999,-0.175,0.19
55,-0.182263093,0.103602313,-0.165,0.195
56,-0.181998311,0.092974281,-0.145,0.23
57,-0.176095164,0.087015556,-0.145,0.235
58,-0.16619544,0.086240916,-0.165,0.235
59,-0.154702709,0.089951796,-0.165,0.22
60,-0.143965393,0.096434919,-0.145,0.21
61,-0.13556445,0.1034298,-0.11,0.215
62,-0.129923213,0.108729765,-0.105,0.245
63,-0.126333409,0.110744508,-0.11,0.25
64,-0.123345944,0.108867546,-0.115,0.25
65,-0.119357985,0.103553316,-0.135,0.225
66,-0.113177049,0.096096134,-0.115,0.22
67,-0.104370799,0.088189643,-0.11,0.23
68,-0.093303068,0.08140488,-0.095,0.25
69,-0.080875998,0.076741248,-0.09,0.26
70,-0.06810173,0.074374956,-0.075,0.235
71,-0.055679521,0.073665212,-0.075,0.2
72,-0.04374016,0.073400618,-0.065,0.185
73,-0.031847916,0.07220017,-0.04,0.215
74,-0.01924955,0.0689441,-0.025,0.245
75,-0.005267232,0.063108251,-0.015,0.27
76,0.010319865,0.054909331,-0.025,0.24
77,0.027055427,0.045224899,-0.015,0.21
78,0.043839056,0.035313955,0.01,0.175
79,0.059214818,0.026414771,0.055,0.18
80,0.071828798,0.019324358,0.075,0.2
81,0.080911097,0.01406448,0.065,0.205
82,0.08662837,0.009715612,0.04,0.205
83,0.090193533,0.004460807,0.03,0.17
84,0.093694242,-0.00416363,0.045,0.17
85,0.099685722,-0.018855324,0.075,0.155
86,0.110660061,-0.042046819,0.085,0.155
87,0.12853425,-0.075413651,0.105,0.125
88,0.154287086,-0.119484605,0.13,0.085
89,0.187827908,-0.173435556,0.16,0.01
90,0.228114851,-0.235120172,0.195,-0.07
91,0.27347696,-0.301350601,0.235,-0.135
92,0.322049536,-0.368393955,0.275,-0.16
93,0.372214405,-0.432603359,0.32,-0.215
94,0.422946317,-0.491065423,0.37,-0.29
95,0.47399651,-0.542129489,0.45,-0.35
96,0.525884243,-0.585695739,0.495,-0.4
97,0.579707221,-0.623181231,0.565,-0.435
98,0.63681507,-0.657149394,0.645,-0.45
99,0.698412766,-0.690665821,0.7,-0.5
100,0.765171807,-0.726512349,0.74,-0.54
101,0.836925483,-0.766433302,0.805,-0.58
102,0.91251085,-0.810588732,0.9,-0.62
103,0.989794391,-0.857346163,1.01,-0.66
104,1.065883419,-0.90346394,1.11,-0.695
105,1.137486386,-0.944625581,1.175,-0.735
106,1.201351262,-0.976200756,1.235,-0.785
107,1.254691661,-0.994057951,1.3,-0.81
108,1.295513602,-0.995250417,1.35,-0.825
109,1.32278352,-0.978440784,1.375,-0.795
110,1.336424548,-0.944006626,1.37,-0.72
111,1.337179194,-0.893855212,1.33,-0.66
112,1.326414534,-0.831044212,1.285,-0.6
113,1.305955158,-0.759336271,1.245,-0.565
114,1.278002573,-0.682801652,1.22,-0.48
115,1.245143842,-0.605532872,1.195,-0.385
116,1.210386289,-0.531468887,1.155,-0.3
117,1.177106262,-0.464270088,1.135,-0.24
118,1.148793425,-0.407161236,1.105,-0.175
119,1.128521124,-0.362678072,1.075,-0.15
120,1.118171623,-0.332308944,1.06,-0.125
121,1.117565205,-0.316095148,1.045,-0.085
122,1.123742909,-0.312314631,1.055,-0.075
123,1.130691003,-0.317396677,1.085,-0.085
124,1.129742642,-0.326185346,1.09,-0.07
125,1.110746529,-0.332589283,1.045,-0.085
126,1.063884071,-0.33054598,1.015,-0.105
127,0.981801934,-0.315122512,0.945,-0.09
128,0.861573776,-0.28350742,0.855,-0.045
129,0.705970683,-0.235645198,0.7,0
130,0.523631749,-0.174332965,0.46,0.07
131,0.327968686,-0.104723498,0.23,0.145
132,0.134953794,-0.033326931,0.02,0.225
133,-0.039756747,0.03326667,-0.115,0.285
134,-0.183711524,0.089647841,-0.225,0.35
135,-0.289877797,0.13253975,-0.295,0.38
136,-0.357646187,0.16123235,-0.355,0.4
137,-0.392394669,0.177426081,-0.415,0.41
138,-0.403752804,0.184564873,-0.445,0.425
139,-0.403043958,0.186862977,-0.465,0.445
140,-0.400587568,0.188293331,-0.48,0.465
141,-0.403556024,0.191791628,-0.485,0.47
142,-0.414898476,0.198847912,-0.5,0.47
143,-0.433522308,0.209534283,-0.5,0.455
144,-0.455558788,0.222891563,-0.505,0.465
145,-0.476241386,0.237506629,-0.505,0.475
146,-0.491780446,0.252079851,-0.505,0.515
147,-0.500664873,0.265813332,-0.525,0.55
148,-0.504038959,0.278530408,-0.565,0.56
149,-0.50511664,0.290535794,-0.59,0.57
150,-0.507904539,0.302310851,-0.585,0.56
151,-0.515711832,0.314183508,-0.59,0.57
152,-0.529967472,0.32610592,-0.59,0.59
153,-0.549736627,0.337621359,-0.61,0.605
154,-0.572076334,0.348025855,-0.625,0.63
155,-0.593082342,0.356657227,-0.65,0.63
156,-0.609250717,0.363199156,-0.655,0.65
157,-0.618682581,0.367884729,-0.665,0.65
158,-0.621725846,0.371521428,-0.66,0.645
159,-0.620847442,0.375322885,-0.675,0.645
160,-0.619793095,0.380599211,-0.685,0.65
161,-0.622329341,0.388404336,-0.71,0.675
162,-0.630995605,0.399250738,-0.71,0.69
163,-0.646280854,0.412976755,-0.715,0.695
164,-0.66648798,0.428799485,-0.725,0.715
165,-0.688313889,0.445526193,-0.73,0.745
166,-0.707935123,0.461849538,-0.765,0.755
167,-0.722227686,0.476632163,-0.78,0.75
168,-0.729717052,0.489099032,-0.79,0.765
169,-0.730957401,0.498894811,-0.78,0.775
170,-0.728239048,0.506013298,-0.78,0.79
171,-0.724749543,0.510648359,-0.805,0.83
172,-0.723489946,0.513036568,-0.82,0.82
173,-0.726315765,0.513354839,-0.815,0.8
174,-0.733412886,0.511706042,-0.79,0.8
175,-0.743357392,0.508184603,-0.78,0.785
176,-0.753703198,0.502978375,-0.795,0.795
177,-0.761864758,0.496446193,-0.825,0.79
178,-0.765973166,0.489118841,-0.835,0.79
179,-0.765410105,0.481601353,-0.84,0.775
180,-0.76085187,0.474395474,-0.835,0.76
181,-0.753836775,0.467697238,-0.825,0.765
182,-0.746038436,0.461242502,-0.81,0.76
183,-0.738525575,0.454265387,-0.8,0.76
184,-0.731283838,0.445602849,-0.795,0.75
185,-0.723171513,0.433933133,-0.795,0.725
186,-0.712318678,0.418091759,-0.775,0.695
187,-0.696817332,0.397380701,-0.76,0.685
188,-0.675446497,0.371784098,-0.735,0.69
189,-0.648166643,0.342028208,-0.705,0.665
190,-0.616203859,0.309466762,-0.685,0.63
191,-0.581693467,0.275821715,-0.645,0.565
192,-0.547010937,0.242848616,-0.635,0.53
193,-0.514028431,0.21201368,-0.595,0.51
194,-0.48355952,0.184261808,-0.555,0.51
195,-0.455185027,0.159924824,-0.52,0.5
196,-0.427515891,0.138777562,-0.51,0.465
197,-0.398793788,0.120209302,-0.48,0.43
198,-0.367612628,0.103451365,-0.455,0.395
199,-0.333504904,0.087794937,-0.4,0.39
200,-0.29718908,0.072746276,-0.355,0.405
201,-0.260397628,0.05809293,-0.33,0.41
202,-0.225355067,0.043884419,-0.31,0.38
203,-0.194097579,0.030354314,-0.305,0.355
204,-0.167877429,0.017821062,-0.285,0.345
205,-0.146859122,0.00660127,-0.245,0.325
206,-0.130204444,-0.003045074,-0.195,0.33
207,-0.116500785,-0.010935594,-0.185,0.34
208,-0.104363314,-0.016964803,-0.195,0.33
209,-0.092981365,-0.021099153,-0.195,0.29
210,-0.082403861,-0.023381234,-0.19,0.31
211,-0.07345838,-0.023946088,-0.16,0.31
212,-0.067336736,-0.023041187,-0.15,0.32
213,-0.065006223,-0.021034835,-0.16,0.32
214,-0.066673716,-0.018398637,-0.18,0.315
215,-0.07151455,-0.015658226,-0.19,0.305
216,-0.077784317,-0.013319052,-0.18,0.325
217,-0.083292799,-0.011785394,-0.17,0.32
218,-0.086084914,-0.011296026,-0.165,0.325
219,-0.085092359,-0.011896514,-0.16,0.32
220,-0.080521606,-0.013456899,-0.18,0.315
221,-0.073829559,-0.015728564,-0.195,0.305
222,-0.067278451,-0.018420989,-0.18,0.3
223,-0.063207637,-0.021272921,-0.17,0.31
224,-0.063260624,-0.024095693,-0.16,0.325
225,-0.067825275,-0.02677788,-0.17,0.32
226,-0.075876161,-0.029255875,-0.18,0.3
227,-0.085273705,-0.031468356,-0.19,0.275
228,-0.093421348,-0.033318757,-0.19,0.28
229,-0.09806214,-0.034666183,-0.21,0.295
230,-0.097951084,-0.035352943,-0.195,0.29
231,-0.093184422,-0.035260668,-0.2,0.31
232,-0.085085737,-0.034373163,-0.185,0.3
233,-0.075699918,-0.032818416,-0.185,0.295
234,-0.067077238,-0.03086735,-0.185,0.3
235,-0.060596131,-0.028881594,-0.17,0.29
236,-0.056552739,-0.027221762,-0.145,0.3
237,-0.054146367,-0.026144201,-0.14,0.29
238,-0.05184844,-0.025721463,-0.16,0.295
239,-0.048008589,-0.02581636,-0.165,0.305
240,-0.041472127,-0.026122392,-0.16,0.295
241,-0.03198571,-0.026260327,-0.13,0.315
242,-0.020250462,-0.025899694,-0.115,0.315
243,-0.007613938,-0.024863044,-0.115,0.305
244,0.004473752,-0.023174697,-0.12,0.28
245,0.015027046,-0.021033969,-0.09,0.28
246,0.023893569,-0.018719951,-0.07,0.29
247,0.031775598,-0.016461316,-0.06,0.315
248,0.039884938,-0.014320875,-0.05,0.33
249,0.049351198,-0.012143559,-0.05,0.335
250,0.060602593,-0.009597394,-0.08,0.32
251,0.072960345,-0.006304934,-0.075,0.31
252,0.084622562,-0.00202794,-0.045,0.31
253,0.093081779,0.003156911,-0.015,0.305
254,0.095866891,0.008759282,0.015,0.325
255,0.091378325,0.013903811,0.005,0.35
256,0.079538536,0.017499459,-0.005,0.35
257,0.062026896,0.018517007,-0.025,0.33
258,0.041995327,0.016301904,-0.015,0.31
259,0.023327491,0.010828941,0.015,0.32
260,0.009654768,0.002812465,0.025,0.31
261,0.003425801,-0.006378895,0.035,0.315
262,0.005314275,-0.014999752,0.015,0.3
263,0.014144555,-0.021336705,0,0.275
264,0.027350919,-0.024143613,0.01,0.28
265,0.041817095,-0.022983437,0.025,0.285
266,0.054824365,-0.018375828,0.03,0.31
267,0.064807452,-0.011699339,0.03,0.305
268,0.071686841,-0.004863723,0.03,0.305
269,0.076690387,0.000167631,0.03,0.29
270,0.081747449,0.001881445,0.02,0.3
271,0.088678549,-0.00038874,0.055,0.31
272,0.098466335,-0.00627843,0.06,0.315
273,0.110859441,-0.014468958,0.05,0.305
274,0.124442225,-0.023003279,0.05,0.275
275,0.13714127,-0.029755739,0.06,0.265
276,0.146989025,-0.032932629,0.08,0.26
277,0.152876939,-0.03147731,0.095,0.285
278,0.155034061,-0.025285405,0.115,0.3
279,0.155060478,-0.015191325,0.11,0.3
280,0.155495847,-0.002749923,0.085,0.295
281,0.15906012,0.010112207,0.09,0.305
282,0.16781329,0.021476199,0.115,0.305
283,0.18250688,0.029747518,0.14,0.325
284,0.202333938,0.033848161,0.175,0.36
285,0.225149924,0.033268657,0.16,0.35
286,0.248080307,0.02800734,0.15,0.34
287,0.268305657,0.018451236,0.165,0.325
288,0.283763496,0.005256141,0.235,0.29
289,0.293544957,-0.01073538,0.27,0.285
290,0.297878276,-0.028530682,0.26,0.275
291,0.297739745,-0.047001254,0.22,0.265
292,0.294263139,-0.064913684,0.205,0.25
293,0.288184826,-0.081012151,0.215,0.215
294,0.279540515,-0.094163488,0.235,0.185
295,0.267728721,-0.103542257,0.23,0.19
296,0.251911991,-0.108803783,0.2,0.195
297,0.231592309,-0.110181074,0.16,0.205
298,0.207121768,-0.108454346,0.12,0.21
299,0.179923287,-0.104777664,0.075,0.19
300,0.152296811,-0.10039498,0.08,0.18
301,0.126840254,-0.096320861,0.105,0.185
302,0.105666764,-0.093082687,0.095,0.2
303,0.089694205,-0.090610701,0.07,0.21
304,0.078280625,-0.088320294,0.015,0.2
305,0.069375605,-0.085369175,-0.01,0.19
306,0.060182796,-0.081010671,-0.015,0.2
307,0.048142169,-0.074925267,-0.005,0.21
308,0.031908156,-0.067411467,-0.005,0.215
309,0.01197347,-0.059357777,-0.025,0.21
310,-0.00931467,-0.051989453,-0.04,0.21
311,-0.028404146,-0.046463634,-0.055,0.2
312,-0.041680227,-0.043447125,-0.06,0.2
313,-0.046738543,-0.042829116,-0.05,0.205
314,-0.043350416,-0.043686387,-0.045,0.21
315,-0.033754087,-0.044538685,-0.04,0.205
316,-0.02211205,-0.043831157,-0.05,0.205
317,-0.013254889,-0.040492803,-0.055,0.2
318,-0.011093741,-0.034377287,-0.055,0.205
319,-0.017233733,-0.026414626,-0.03,0.215
320,-0.030297238,-0.018387878,-0.02,0.22
321,-0.046260851,-0.012374315,-0.02,0.23
322,-0.059777725,-0.010015714,-0.04,0.22
323,-0.066100263,-0.011863468,-0.05,0.2
324,-0.062957781,-0.017048147,-0.025,0.21
325,-0.051679627,-0.023439967,-0.02,0.21
326,-0.037029584,-0.02831532,-0.005,0.225
327,-0.025599583,-0.029369132,-0.01,0.225
328,-0.023094993,-0.025770208,-0.015,0.22
329,-0.031280732,-0.018898656,-0.02,0.2
330,-0.045597922,-0.012459799,-0.015,0.205
331,-0.054403945,-0.011832134,-0.005,0.22
332,-0.040418167,-0.0227362,0.015,0.245
333,0.015647143,-0.049539639,0.05,0.23
334,0.129964728,-0.093667933,0.155,0.195
335,0.310218957,-0.152614235,0.285,0.125
336,0.551462206,-0.219915421,0.455,0.05
337,0.834518309,-0.286210981,0.695,-0.01
338,1.127694259,-0.341193234,0.965,-0.03
339,1.391741411,-0.375981502,1.235,-0.065
340,1.587138173,-0.385295275,1.485,-0.105
341,1.682088765,-0.368817798,1.705,-0.125
342,1.659346744,-0.331337637,1.715,-0.095
343,1.520175326,-0.281583105,1.515,-0.015
344,1.284412985,-0.230032029,1.175,0.07
345,0.986558098,-0.186279392,0.83,0.13
346,0.668771547,-0.156686042,0.495,0.15
347,0.372456535,-0.142965019,0.255,0.11
348,0.130404923,-0.142101342,0.095,0.075
349,-0.03868831,-0.147618332,-0.005,0.075
350,-0.132190563,-0.151809996,-0.09,0.09
351,-0.161753849,-0.148272157,-0.17,0.135
352,-0.148521049,-0.133973139,-0.22,0.155
353,-0.11675787,-0.110239191,-0.2,0.16
354,-0.087645881,-0.082353627,-0.165,0.165
355,-0.074783976,-0.057886936,-0.14,0.165
356,-0.082353114,-0.044262457,-0.13,0.16
357,-0.106090382,-0.046300624,-0.145,0.175
358,-0.136434396,-0.064499932,-0.16,0.175
359,-0.162665906,-0.094597432,-0.165,0.15
360,-0.176712588,-0.128568847,-0.18,0.12
361,-0.17553251,-0.156793163,-0.185,0.09
362,-0.161533788,-0.170750825,-0.175,0.07
363,-0.141143612,-0.16545742,-0.185,0.04
364,-0.122200851,-0.140907855,-0.16,0.035
365,-0.111148228,-0.102098533,-0.155,0.085
366,-0.110968943,-0.057618618,-0.15,0.165
367,-0.120483593,-0.017227758,-0.14,0.255
368,-0.135123008,0.010862845,-0.135,0.27
369,-0.148794139,0.022206761,-0.16,0.245
370,-0.156121042,0.017195594,-0.16,0.215
371,-0.154270018,0.000698688,-0.155,0.18
372,-0.143764228,-0.019588071,-0.145,0.155
373,-0.128076762,-0.035558123,-0.14,0.17
374,-0.112222559,-0.0411306,-0.12,0.18
375,-0.100900525,-0.0339749,-0.115,0.22
376,-0.096860781,-0.01602557,-0.12,0.22
377,-0.100056492,0.007329227,-0.12,0.21
378,-0.107836268,0.029093912,-0.125,0.21
379,-0.116054977,0.042945153,-0.125,0.24
380,-0.120662131,0.045226557,-0.105,0.255
381,-0.119176638,0.036047033,-0.075,0.235
382,-0.111520956,0.019165001,-0.09,0.2
383,-0.099936876,0.000725281,-0.11,0.19
384,-0.088045569,-0.012729933,-0.11,0.185
385,-0.079423056,-0.016339638,-0.085,0.21
386,-0.076229947,-0.00844377,-0.055,0.21
387,-0.078404099,0.008914573,-0.065,0.22
388,-0.0837109,0.030636026,-0.09,0.225
389,-0.088627243,0.050133523,-0.09,0.22
390,-0.089727316,0.061316855,-0.09,0.22
391,-0.085051682,0.060374383,-0.045,0.225
392,-0.074942605,0.046815396,-0.03,0.24
393,-0.062017975,0.023482492,-0.015,0.25
394,-0.050266396,-0.004429201,-0.02,0.21
395,-0.04356703,-0.031005213,-0.055,0.155
396,-0.044155218,-0.051370258,-0.045,0.115
397,-0.051590291,-0.063030086,-0.04,0.09
398,-0.062620438,-0.066409023,-0.02,0.11
399,-0.072035093,-0.064463792,-0.035,0.125
400,-0.074252657,-0.06154704,-0.05,0.125
401,-0.065129192,-0.061918085,-0.04,0.105
402,-0.043384049,-0.068386066,-0.005,0.085
403,-0.011154054,-0.081500746,0.06,0.09
404,0.026528472,-0.099508669,0.09,0.08
405,0.063182546,-0.119036838,0.105,0.06
406,0.092790871,-0.136237442,0.105,0.03
407,0.111563045,-0.147997719,0.12,0.005
408,0.118984798,-0.152825246,0.155,-0.005
409,0.117826295,-0.151151332,0.175,0.01
410,0.113127416,-0.14500326,0.175,0.03
411,0.110512877,-0.137207083,0.16,0.035
412,0.114402531,-0.130426017,0.165,0.025
413,0.126701837,-0.126371019,0.175,0.025
414,0.146380624,-0.125435069,0.195,0.005
415,0.170037785,-0.126836049,0.23,0.02
416,0.193213292,-0.129166398,0.25,0.035
417,0.211962211,-0.131106777,0.255,0.04
418,0.224131075,-0.132013581,0.255,0.04
419,0.229897884,-0.132150019,0.25,0.025
420,0.231408075,-0.132473512,0.265,0.005
421,0.231663968,-0.134065388,0.285,0.005
422,0.233090545,-0.137429656,0.3,0.015
423,0.236314197,-0.14194537,0.31,0.035
424,0.239614713,-0.145710641,0.3,0.01
425,0.239272387,-0.145881336,0.295,0.005
426,0.230715498,-0.139430625,0.265,0.025
427,0.210089136,-0.124098362,0.23,0.03
428,0.175712867,-0.099217452,0.21,0.055
429,0.128924745,-0.066127783,0.175,0.09
430,0.074011501,-0.028011702,0.12,0.135
431,0.017229021,0.010831351,0.075,0.175
432,-0.03478128,0.046069881,0.03,0.2
433,-0.076678608,0.07446162,-0.015,0.225
434,-0.105684534,0.094668096,-0.065,0.255
435,-0.122044419,0.107510581,-0.08,0.28
436,-0.128585148,0.115588686,-0.09,0.285
437,-0.12956441,0.122382651,-0.085,0.275
438,-0.129228988,0.1311223,-0.095,0.27
439,-0.130571716,0.14377756,-0.085,0.295
440,-0.13467887,0.160484096,-0.085,0.33
441,-0.140831538,0.179576643,-0.1,0.36
442,-0.14725001,0.198207446,-0.115,0.385
443,-0.152147819,0.213340644,-0.125,0.39
444,-0.154668999,0.222795021,-0.1,0.365
445,-0.155347884,0.22599475,-0.1,0.36
446,-0.15592721,0.224183774,-0.095,0.365
447,-0.15862272,0.22003299,-0.13,0.39
448,-0.165137019,0.216764587,-0.135,0.4
449,-0.175823255,0.217072605,-0.155,0.405
450,-0.189344702,0.222184521,-0.165,0.41
451,-0.202990017,0.231365417,-0.16,0.42
452,-0.213554606,0.242028691,-0.155,0.425
453,-0.218478586,0.250429334,-0.175,0.385
454,-0.216823193,0.252736426,-0.19,0.375
455,-0.209712456,0.246166096,-0.18,0.4
456,-0.200051715,0.229839061,-0.185,0.435
457,-0.191594349,0.205111481,-0.16,0.425
458,-0.187669487,0.175286217,-0.14,0.39
459,-0.190018216,0.144794051,-0.15,0.31
460,-0.198162353,0.11808546,-0.175,0.265
461,-0.20955265,0.098548948,-0.19,0.275
462,-0.220472096,0.087752276,-0.18,0.285
463,-0.227399232,0.08519787,-0.18,0.275
464,-0.228362407,0.088628524,-0.195,0.25
465,-0.223802552,0.09476261,-0.195,0.255
466,-0.216617878,0.100225871,-0.205,0.28
467,-0.211337975,0.102409794,-0.21,0.3
468,-0.212674172,0.100030455,-0.195,0.295
469,-0.223914343,0.093267748,-0.185,0.28
470,-0.245695929,0.083496648,-0.185,0.255
471,-0.275576194,0.072738061,-0.21,0.235
472,-0.308560711,0.063023342,-0.21,0.215
473,-0.338436538,0.055867866,-0.21,0.21
474,-0.359491881,0.051990844,-0.2,0.21
475,-0.36807878,0.051324582,-0.195,0.23
476,-0.363531249,0.053259703,-0.175,0.22
477,-0.3481683,0.057004533,-0.19,0.235
478,-0.326414263,0.061916281,-0.225,0.23
479,-0.303354337,0.067691092,-0.215,0.245
480,-0.283214984,0.074364985,-0.17,0.245
481,-0.268260908,0.08215302,-0.135,0.26
482,-0.258436405,0.091212754,-0.125,0.27
483,-0.251809687,0.101440752,-0.13,0.275
484,-0.245600497,0.112391552,-0.16,0.285
485,-0.237381256,0.123356164,-0.15,0.29
486,-0.226004345,0.133571882,-0.13,0.315
487,-0.211931953,0.142481228,-0.11,0.33
488,-0.196881492,0.149934551,-0.12,0.375
489,-0.182960621,0.15624698,-0.12,0.4
490,-0.171655615,0.162070571,-0.12,0.415
491,-0.163086427,0.168109592,-0.125,0.395
492,-0.155834353,0.174767682,-0.115,0.365
493,-0.14742446,0.181848751,-0.095,0.375
494,-0.135288628,0.188426492,-0.06,0.415
495,-0.1178421,0.19295077,-0.035,0.405
496,-0.095250306,0.193586805,-0.07,0.435
497,-0.069566885,0.188707138,-0.06,0.48
498,-0.044152691,0.177401301,-0.025,0.485
499,-0.022556651,0.159851808,0.005,0.43
500,-0.00725265,0.137454338,0.015,0.36
501,0.001299233,0.112627339,0,0.305
502,0.004895999,0.088342648,0.015,0.31
503,0.007007517,0.067489137,0.02,0.32
504,0.011531295,0.052231955,0.025,0.33
505,0.021303916,0.043535618,0.025,0.32
506,0.036897462,0.040977727,0.035,0.315
507,0.056153797,0.042902898,0.04,0.32
508,0.074667908,0.04687529,0.03,0.33
509,0.087103823,0.050308528,0.025,0.335
510,0.088926572,0.051106008,0.02,0.32
511,0.077969019,0.048144972,-0.005,0.32
512,0.055286128,0.041483563,-0.04,0.315
513,0.024976423,0.032247892,-0.055,0.32
514,-0.007002713,0.022243693,-0.065,0.32
515,-0.034650699,0.013410023,-0.075,0.305
516,-0.053767213,0.007270805,-0.08,0.295
517,-0.0631964,0.004534213,-0.1,0.295
518,-0.06503905,0.004942839,-0.115,0.31
519,-0.063750384,0.00740367,-0.125,0.315
520,-0.064428802,0.010347611,-0.16,0.305
521,-0.070890925,0.012206022,-0.17,0.3
522,-0.08421551,0.01186336,-0.17,0.29
523,-0.102287003,0.008957509,-0.155,0.29
524,-0.120525021,0.003947787,-0.15,0.305
525,-0.133564942,-0.002059767,-0.15,0.305
526,-0.137303845,-0.007669909,-0.16,0.28
527,-0.130572523,-0.011627569,-0.18,0.295
528,-0.115800268,-0.013190456,-0.175,0.295
529,-0.098377576,-0.012336184,-0.165,0.3
530,-0.084882263,-0.009746096,-0.17,0.305
531,-0.080758297,-0.006574764,-0.165,0.305
532,-0.088270869,-0.004077347,-0.165,0.285
533,-0.105511743,-0.003208589,-0.145,0.275
534,-0.126896766,-0.004315687,-0.155,0.275
535,-0.145082549,-0.007020295,-0.15,0.275
536,-0.153701819,-0.010330467,-0.17,0.295
537,-0.149961946,-0.012956735,-0.16,0.325
538,-0.136106076,-0.013746416,-0.185,0.32
539,-0.119041582,-0.012113284,-0.205,0.32
540,-0.108019681,-0.008336259,-0.195,0.295
541,-0.110928413,-0.003631904,-0.185,0.285
542,-0.130318424,3.68E-05,-0.19,0.275
543,-0.160520529,0.000383762,-0.19,0.295
544,-0.187029589,-0.004639414,-0.22,0.295
545,-0.188743981,-0.0162794,-0.2,0.295
546,-0.142816994,-0.034555718,-0.115,0.28
547,-0.031037479,-0.058087246,-0.005,0.265
548,0.153929287,-0.084227645,0.14,0.255
549,0.404246728,-0.109495014,0.325,0.225
550,0.695981501,-0.130211585,0.585,0.18
551,0.992149869,-0.14321807,0.88,0.16
552,1.249294608,-0.146506634,1.155,0.145
553,1.426173982,-0.139631246,1.395,0.16
554,1.492513241,-0.123801197,1.575,0.18
555,1.435671757,-0.101632596,1.55,0.185
556,1.263554632,-0.076608162,1.305,0.23
557,1.003024251,-0.052360852,0.96,0.285
558,0.694195331,-0.031937075,0.585,0.335
559,0.382020611,-0.017200993,0.245,0.34
560,0.107218528,-0.008510981,-0.005,0.315
561,-0.101307521,-0.004738812,-0.14,0.285
562,-0.230869243,-0.003624732,-0.195,0.285
563,-0.285401858,-0.002384635,-0.215,0.28
564,-0.28211435,0.001573225,-0.24,0.315
565,-0.245538416,0.009990851,-0.245,0.36
566,-0.200694024,0.023318207,-0.24,0.385
567,-0.167158784,0.040591204,-0.215,0.41
568,-0.155419448,0.05965839,-0.23,0.41
569,-0.166142465,0.077699897,-0.235,0.395
570,-0.192155219,0.09190992,-0.255,0.405
571,-0.222222604,0.100172912,-0.245,0.425
572,-0.24532029,0.101564848,-0.22,0.445
573,-0.25412576,0.096555108,-0.235,0.44
574,-0.246828539,0.086861171,-0.24,0.44
575,-0.226959144,0.074998001,-0.25,0.43
576,-0.20155752,0.063643131,-0.245,0.415
577,-0.178461431,0.054985727,-0.21,0.395
578,-0.163672148,0.050230111,-0.2,0.4
579,-0.159622462,0.049380195,-0.215,0.385
580,-0.164799738,0.051352855,-0.235,0.395
581,-0.174700568,0.054377008,-0.22,0.38
582,-0.183670279,0.05655673,-0.19,0.385
583,-0.186937759,0.056433435,-0.185,0.385
584,-0.182154805,0.053386522,-0.185,0.385
585,-0.169970458,0.047762592,-0.185,0.39
586,-0.153526469,0.040705629,-0.19,0.38
587,-0.137126167,0.033749968,-0.205,0.365
588,-0.124586666,0.028307885,-0.22,0.37
589,-0.117857534,0.025213146,-0.185,0.375
590,-0.116365568,0.024461993,-0.16,0.38
591,-0.117277305,0.025229851,-0.155,0.375
592,-0.116553774,0.026154931,-0.155,0.36
593,-0.11041189,0.025795748,-0.165,0.34
594,-0.096685809,0.023114563,-0.16,0.35
595,-0.07563226,0.017830233,-0.125,0.365
596,-0.049922061,0.010524811,-0.08,0.37
597,-0.023834844,0.002466073,-0.065,0.37
598,-0.001933145,-0.004801389,-0.085,0.37
599,0.012347736,-0.009969145,-0.095,0.355
600,0.017743866,-0.012419451,-0.085,0.335
601,0.015521686,-0.012474769,-0.06,0.33
602,0.009060744,-0.011358235,-0.045,0.33
603,0.002816832,-0.010870982,-0.025,0.345
604,0.001009767,-0.012881291,-0.05,0.34
605,0.006450289,-0.018780806,-0.08,0.35
606,0.019856286,-0.029075114,-0.07,0.35
607,0.0398368,-0.043235699,-0.045,0.335
608,0.063503055,-0.059860018,-0.005,0.33
609,0.087471738,-0.077091048,0.01,0.31
610,0.108917751,-0.093167218,0.005,0.285
611,0.126342074,-0.106933298,0.015,0.27
612,0.139835964,-0.118155368,0.045,0.245
613,0.150802173,-0.127544539,0.08,0.225
614,0.16127482,-0.136485152,0.09,0.235
615,0.173102222,-0.146555264,0.11,0.26
616,0.187283799,-0.158991234,0.085,0.27
617,0.203678979,-0.174264365,0.095,0.23
618,0.221162472,-0.191900858,0.115,0.185
619,0.238138481,-0.210598832,0.135,0.165
620,0.253202525,-0.228602386,0.15,0.15
621,0.265694953,-0.244212347,0.155,0.155
622,0.275937806,-0.256271608,0.165,0.145
623,0.285067248,-0.264472548,0.185,0.115
624,0.2945236,-0.269391494,0.205,0.1
625,0.305386999,-0.272241963,0.21,0.13
626,0.317805085,-0.274426993,0.225,0.145
627,0.330729903,-0.277033363,0.24,0.135
628,0.342075148,-0.280427764,0.24,0.115
629,0.349258834,-0.284082104,0.225,0.095
630,0.349961084,-0.286683072,0.215,0.09
631,0.342848674,-0.286492866,0.2,0.1
632,0.328024061,-0.281851182,0.23,0.115
633,0.307044902,-0.271666706,0.225,0.135
634,0.282500726,-0.255751725,0.2,0.125
635,0.257278831,-0.234903215,0.17,0.135
636,0.233752799,-0.210711716,0.145,0.155
637,0.213150557,-0.185160688,0.125,0.19
638,0.195297504,-0.160139049,0.105,0.225
639,0.178805302,-0.137010555,0.075,0.245
640,0.161631164,-0.116360694,0.05,0.26
641,0.141814847,-0.097983446,0.04,0.26
642,0.118149792,-0.081095865,0.045,0.265
643,0.090576408,-0.064701228,0.04,0.295
644,0.060186513,-0.047981631,0.02,0.31
645,0.028862266,-0.030599155,-0.01,0.33
646,-0.001306266,-0.012819726,-0.06,0.325
647,-0.028614484,0.004567108,-0.085,0.35
648,-0.052146586,0.020495405,-0.085,0.37
649,-0.071867316,0.033951209,-0.095,0.37
650,-0.088399711,0.044276576,-0.12,0.395
651,-0.102601564,0.051357597,-0.14,0.405
652,-0.115122828,0.055645883,-0.14,0.39
653,-0.126125504,0.058016981,-0.15,0.37
654,-0.135277877,0.059518727,-0.145,0.38
655,-0.142022722,0.061092555,-0.125,0.4
656,-0.146006325,0.06335319,-0.13,0.405
657,-0.147484622,0.066487965,-0.14,0.425
658,-0.147521825,0.07029545,-0.16,0.43
659,-0.147867982,0.074338067,-0.17,0.415
660,-0.150520515,0.078149344,-0.19,0.405
661,-0.157098449,0.081423205,-0.18,0.42
662,-0.168240876,0.084123328,-0.17,0.435
663,-0.183250937,0.086480356,-0.165,0.445
664,-0.200136195,0.088883239,-0.2,0.435
665,-0.216067509,0.0917058,-0.195,0.425
666,-0.228134879,0.095129847,-0.175,0.43
667,-0.234170577,0.09902624,-0.2,0.445
668,-0.233376497,0.102935893,-0.225,0.45
669,-0.226548494,0.106160515,-0.235,0.455
670,-0.215818726,0.107938251,-0.205,0.455
671,-0.20399535,0.107652893,-0.175,0.435
672,-0.193713308,0.105014799,-0.175,0.43
673,-0.18667368,0.100159808,-0.16,0.425
674,-0.183219024,0.093636468,-0.15,0.435
675,-0.182377452,0.086284226,-0.16,0.435
676,-0.182347664,0.079036442,-0.195,0.425
677,-0.181245973,0.072702988,-0.22,0.41
678,-0.177847224,0.067792084,-0.205,0.4
679,-0.172055892,0.064418859,-0.18,0.395
680,-0.164940722,0.062322659,-0.17,0.4
681,-0.158322439,0.060983936,-0.18,0.42
682,-0.15406477,0.05980366,-0.18,0.41
683,-0.153327288,0.058291451,-0.185,0.395
684,-0.156055555,0.056207731,-0.19,0.375
685,-0.160902559,0.05362024,-0.18,0.375
686,-0.165623268,0.050861603,-0.185,0.395
687,-0.167814492,0.048404721,-0.185,0.395
688,-0.165745334,0.046697451,-0.185,0.395
689,-0.158985066,0.0460101,-0.18,0.38
690,-0.148600467,0.046344853,-0.18,0.37
691,-0.136841865,0.047436484,-0.16,0.37
692,-0.126415367,0.048844335,-0.14,0.385
693,-0.119585376,0.050105534,-0.145,0.385
694,-0.11741407,0.050898165,-0.14,0.385
695,-0.119399976,0.051157734,-0.155,0.365
696,-0.123640681,0.051103323,-0.16,0.36
697,-0.127462892,0.051157961,-0.145,0.375
698,-0.128300483,0.051782818,-0.12,0.39
699,-0.124515888,0.053275757,-0.115,0.395
700,-0.115882955,0.055601227,-0.14,0.385
701,-0.103572458,0.058313976,-0.165,0.375
702,-0.089661162,0.060613585,-0.14,0.36
703,-0.076356869,0.061527028,-0.09,0.385
704,-0.065232888,0.060174375,-0.06,0.395
705,-0.056758447,0.05604182,-0.07,0.395
706,-0.050298205,0.049177427,-0.095,0.365
707,-0.04457487,0.040242727,-0.07,0.355
708,-0.038409632,0.030393795,-0.055,0.34
709,-0.031442627,0.021016983,-0.03,0.33
710,-0.024533927,0.013391216,-0.025,0.35
711,-0.019658357,0.008375082,-0.04,0.335
712,-0.019296259,0.00621325,-0.075,0.335
713,-0.025518916,0.006522522,-0.08,0.305
714,-0.039098318,0.00846269,-0.08,0.31
715,-0.058984261,0.011038502,-0.07,0.325
716,-0.08237727,0.013435665,-0.08,0.34
717,-0.105419975,0.01528122,-0.11,0.335
718,-0.124304268,0.016742252,-0.14,0.335
719,-0.136428921,0.018430589,-0.175,0.315
720,-0.141205016,0.021147606,-0.18,0.315
721,-0.140213782,0.0255603,-0.17,0.33
722,-0.136640459,0.031926814,-0.16,0.355
723,-0.13416322,0.039975333,-0.16,0.365
724,-0.135676268,0.048987268,-0.17,0.365
725,-0.142295317,0.058060223,-0.18,0.35
726,-0.153001165,0.066454057,-0.185,0.355
727,-0.16505045,0.073880986,-0.18,0.365
728,-0.175000256,0.08060651,-0.18,0.38
729,-0.179957934,0.087284822,-0.185,0.395
730,-0.178569876,0.094545407,-0.205,0.405
731,-0.171347246,0.102447415,-0.21,0.395
732,-0.160171519,0.109990184,-0.205,0.395
733,-0.147144988,0.114883066,-0.17,0.405
734,-0.133233133,0.1137228,-0.155,0.415
735,-0.117275191,0.102611849,-0.14,0.39
736,-0.09585283,0.078107473,-0.13,0.355
737,-0.064216516,0.038263147,-0.095,0.3
738,-0.018064216,-0.016544767,-0.035,0.255
739,0.044411599,-0.083291733,0.055,0.185
740,0.120999537,-0.15665439,0.13,0.13
741,0.205194862,-0.230026499,0.2,0.06
742,0.287557291,-0.296993448,0.25,-0.02
743,0.358544388,-0.352897968,0.31,-0.095
744,0.412097698,-0.396063425,0.37,-0.145
745,0.448859726,-0.428296199,0.42,-0.17
746,0.477826587,-0.454459179,0.45,-0.19
747,0.515559509,-0.48115347,0.52,-0.205
748,0.582730568,-0.514799053,0.59,-0.235
749,0.69859087,-0.559594839,0.72,-0.315
750,0.874680945,-0.615905997,0.905,-0.385
751,1.109515036,-0.679545612,1.12,-0.445
752,1.385904819,-0.742203919,1.385,-0.475
753,1.672020958,-0.792985301,1.62,-0.51
754,1.926351533,-0.820719173,1.845,-0.525
755,2.105654759,-0.816496447,2.025,-0.565
756,2.174120871,-0.775809116,2.14,-0.555
757,2.111518877,-0.699759129,2.19,-0.49
758,1.918254076,-0.595031984,2.06,-0.375
759,1.61598216,-0.472639423,1.74,-0.235
760,1.243530622,-0.345741414,1.245,-0.065
761,0.849069098,-0.227078913,0.715,0.05
762,0.480419382,-0.126628565,0.315,0.14
763,0.175841682,-0.050011002,0.12,0.17
764,-0.042542643,0.002027919,0.01,0.22
765,-0.171272594,0.033027221,-0.06,0.255
766,-0.223683883,0.049352825,-0.14,0.28
767,-0.224460336,0.058307979,-0.19,0.28
768,-0.202258735,0.066316786,-0.215,0.285
769,-0.182428883,0.077616312,-0.19,0.315
770,-0.181645759,0.09371503,-0.195,0.345
771,-0.205589094,0.113645931,-0.215,0.35
772,-0.249870723,0.134828868,-0.255,0.365
773,-0.303504289,0.154216179,-0.3,0.365
774,-0.353591537,0.169360756,-0.29,0.36
775,-0.389719443,0.179115937,-0.29,0.38
776,-0.406836866,0.183821249,-0.305,0.4
777,-0.405985935,0.184997611,-0.315,0.405
778,-0.392989557,0.184717938,-0.325,0.4
779,-0.3758107,0.184894909,-0.335,0.395
780,-0.361623378,0.186721404,-0.335,0.4
781,-0.354596417,0.190421426,-0.32,0.405
782,-0.355036126,0.195351627,-0.325,0.425
783,-0.360006462,0.200376545,-0.345,0.42
784,-0.365032317,0.204360911,-0.38,0.425
785,-0.36616048,0.206601442,-0.39,0.405
786,-0.361598299,0.207059253,-0.38,0.4
787,-0.352367981,0.206334277,-0.365,0.415
788,-0.341810066,0.205415014,-0.36,0.425
789,-0.33419493,0.205309542,-0.375,0.435
790,-0.333007661,0.206694778,-0.375,0.43
791,-0.339560488,0.209703829,-0.39,0.41
792,-0.352439296,0.213915311,-0.37,0.41
793,-0.367970269,0.218535363,-0.38,0.415
794,-0.381519093,0.222698247,-0.365,0.44
795,-0.389141332,0.225775966,-0.39,0.445
796,-0.388987899,0.227590844,-0.39,0.435
797,-0.381967742,0.228463973,-0.395,0.43
798,-0.371439838,0.22909128,-0.38,0.425
799,-0.36204961,0.230297171,-0.37,0.43
800,-0.358120203,0.232753801,-0.375,0.445
801,-0.3621564,0.236760772,-0.395,0.46
802,-0.373971621,0.242155042,-0.415,0.46
803,-0.390727783,0.248374315,-0.435,0.44
804,-0.407863504,0.254645659,-0.425,0.44
805,-0.420587351,0.260231824,-0.415,0.455
806,-0.425430143,0.264652719,-0.405,0.47
807,-0.421342009,0.267812235,-0.405,0.47
808,-0.409983552,0.269995028,-0.415,0.475
809,-0.395136094,0.271741679,-0.425,0.46
810,-0.381447777,0.27364885,-0.41,0.465
811,-0.372942651,0.276161921,-0.4,0.47
812,-0.37178172,0.279425574,-0.395,0.48
813,-0.377663443,0.283235142,-0.4,0.48
814,-0.388026636,0.287097106,-0.41,0.485
815,-0.398950594,0.290372649,-0.41,0.465
816,-0.406426438,0.29245463,-0.42,0.475
817,-0.407570939,0.292922259,-0.395,0.47
818,-0.401397811,0.291629459,-0.39,0.49
819,-0.388929612,0.288707127,-0.395,0.49
820,-0.372663469,0.284487473,-0.42,0.475
821,-0.355615756,0.279381153,-0.405,0.455
822,-0.34029461,0.273748543,-0.37,0.445
823,-0.327948351,0.267803326,-0.33,0.46
824,-0.318319757,0.261572051,-0.325,0.455
825,-0.309947712,0.254913616,-0.33,0.445
826,-0.300867034,0.247584398,-0.34,0.43
827,-0.289429775,0.239323774,-0.325,0.41
828,-0.274947134,0.229933215,-0.29,0.4
829,-0.257933082,0.219329275,-0.265,0.39
830,-0.239884697,0.207562631,-0.255,0.395
831,-0.222702972,0.194807263,-0.24,0.39
832,-0.207981806,0.181331731,-0.255,0.375
833,-0.19643075,0.167466268,-0.24,0.34
834,-0.187639532,0.153575629,-0.23,0.315
835,-0.180263399,0.140040753,-0.215,0.315
836,-0.172556004,0.127245693,-0.195,0.32
837,-0.163054925,0.115562772,-0.19,0.305
838,-0.151175189,0.105329838,-0.19,0.29
839,-0.137503088,0.096818107,-0.17,0.27
840,-0.123690092,0.090195346,-0.155,0.255
841,-0.111985292,0.085494151,-0.135,0.26
842,-0.104565667,0.082596663,-0.13,0.27
843,-0.102886095,0.081244246,-0.135,0.28
844,-0.107256532,0.0810742,-0.16,0.275
845,-0.116770597,0.081677653,-0.175,0.25
846,-0.129589445,0.08266602,-0.18,0.245
847,-0.143469884,0.083730189,-0.175,0.255
848,-0.156354754,0.084678011,-0.17,0.28
849,-0.166837958,0.085441419,-0.19,0.27
850,-0.174373902,0.086052763,-0.22,0.27
851,-0.179197657,0.086598287,-0.235,0.25
852,-0.182021922,0.087162624,-0.24,0.255
853,-0.183645097,0.087780124,-0.23,0.275
854,-0.184620032,0.088406299,-0.22,0.285
855,-0.185093931,0.088916649,-0.245,0.28
856,-0.184854543,0.089132346,-0.255,0.275
857,-0.183536145,0.088864931,-0.28,0.265
858,-0.180881411,0.087967274,-0.245,0.265
859,-0.176941757,0.086376618,-0.225,0.265
860,-0.172131708,0.084137899,-0.215,0.265
861,-0.167117193,0.081400798,-0.235,0.29
862,-0.162587176,0.078390812,-0.26,0.275
863,-0.159005534,0.075361226,-0.255,0.255
864,-0.156447498,0.072537672,-0.25,0.26
865,-0.154590108,0.070068854,-0.25,0.26
866,-0.152863092,0.067995608,-0.235,0.285
867,-0.15070038,0.066246013,-0.235,0.27
868,-0.147789158,0.064657953,-0.26,0.26
869,-0.144210687,0.063023754,-0.265,0.255
870,-0.140407104,0.061145953,-0.26,0.25
871,-0.136977003,0.058890362,-0.25,0.255
872,-0.134374006,0.056223177,-0.245,0.27
873,-0.132629348,0.053222825,-0.25,0.265
874,-0.131222069,0.050063804,-0.26,0.26
875,-0.129174935,0.046977062,-0.26,0.255
876,-0.125374572,0.044197666,-0.255,0.24
877,-0.119027408,0.041913824,-0.24,0.24
878,-0.110100268,0.040230707,-0.225,0.255
879,-0.099580208,0.039158148,-0.24,0.25
880,-0.089431211,0.038624388,-0.265,0.255
881,-0.082215022,0.038510517,-0.26,0.255
882,-0.080452417,0.038694542,-0.25,0.24
883,-0.085894216,0.03909153,-0.25,0.24
884,-0.0989165,0.039677879,-0.245,0.255
885,-0.118234093,0.040492664,-0.25,0.25
886,-0.141043168,0.041615541,-0.265,0.255
887,-0.163581098,0.043126659,-0.285,0.235
888,-0.181965965,0.045057747,-0.275,0.235
889,-0.193088548,0.047343965,-0.255,0.25
890,-0.195304954,0.049783953,-0.245,0.265
891,-0.188728267,0.052012042,-0.24,0.275
892,-0.175029437,0.053483872,-0.255,0.255
893,-0.156799178,0.053476088,-0.27,0.25
894,-0.136652064,0.051102487,-0.26,0.24
895,-0.116332482,0.045351832,-0.225,0.255
896,-0.096085525,0.035154237,-0.205,0.26
897,-0.074482048,0.019480953,-0.215,0.245
898,-0.048756815,-0.002524529,-0.205,0.22
899,-0.015569377,-0.0313976,-0.175,0.17
900,0.02802761,-0.067212127,-0.125,0.135
901,0.083691858,-0.109484279,-0.065,0.09
902,0.151230013,-0.157157548,-0.01,0.06
903,0.228542701,-0.208695519,0.06,0.025
904,0.312105261,-0.262286879,0.125,-0.025
905,0.39786112,-0.316137345,0.2,-0.095
906,0.482285194,-0.368793308,0.295,-0.16
907,0.563321626,-0.419421295,0.38,-0.205
908,0.640928241,-0.467964062,0.465,-0.235
909,0.717061873,-0.51511268,0.535,-0.27
910,0.795086124,-0.562072693,0.61,-0.335
911,0.878736226,-0.610153416,0.685,-0.395
912,0.97089367,-0.660260134,0.78,-0.445
913,1.072475535,-0.712405013,0.89,-0.495
914,1.181717808,-0.765362475,0.995,-0.525
915,1.294037145,-0.816573089,1.07,-0.565
916,1.402518065,-0.862349598,1.145,-0.615
917,1.498928749,-0.898370704,1.245,-0.67
918,1.575054294,-0.920379079,1.37,-0.695
919,1.62407722,-0.924947667,1.465,-0.71
920,1.641740567,-0.910156532,1.485,-0.675
921,1.627091193,-0.876037603,1.44,-0.63
922,1.582698175,-0.824693142,1.335,-0.57
923,1.51434578,-0.760063589,1.235,-0.525
924,1.430287066,-0.687393898,1.175,-0.47
925,1.340196942,-0.612506675,1.1,-0.39
926,1.253979416,-0.541021756,1.035,-0.285
927,1.18057135,-0.477659837,0.965,-0.21
928,1.12685951,-0.425736057,0.91,-0.17
929,1.096803779,-0.386899124,0.875,-0.155
930,1.090845534,-0.361117676,0.855,-0.135
931,1.105674959,-0.346871989,0.865,-0.13
932,1.134424218,-0.341485075,0.87,-0.09
933,1.167331088,-0.34152446,0.895,-0.085
934,1.192868769,-0.343219605,0.915,-0.085
935,1.199261112,-0.342860553,0.935,-0.095
936,1.176210345,-0.337160933,0.905,-0.085
937,1.116580212,-0.323576123,0.855,-0.07
938,1.017730405,-0.300563653,0.765,-0.04
939,0.882213142,-0.267762347,0.635,-0.015
940,0.717630982,-0.226057254,0.46,0.01
941,0.535607205,-0.177497699,0.255,0.055
942,0.350006315,-0.125050899,0.05,0.125
943,0.174717872,-0.07220296,-0.13,0.185
944,0.021434104,-0.02245593,-0.285,0.26
945,-0.102125817,0.021197264,-0.4,0.3
946,-0.193178025,0.056720466,-0.47,0.325
947,-0.25383505,0.083311012,-0.535,0.325
948,-0.290108041,0.10144353,-0.565,0.325
949,-0.310215004,0.112669337,-0.58,0.355
950,-0.32261634,0.11921696,-0.615,0.39
951,-0.334247378,0.123487068,-0.635,0.395
952,-0.349344891,0.127559878,-0.685,0.4
953,-0.369091652,0.132827483,-0.695,0.39
954,-0.392078409,0.139828466,-0.695,0.38
955,-0.415369324,0.1483075,-0.72,0.405
956,-0.435813531,0.157463658,-0.715,0.415
957,-0.451209605,0.16630453,-0.735,0.425
958,-0.461006853,0.174001631,-0.77,0.445
959,-0.46638976,0.180151097,-0.785,0.44
960,-0.469787788,0.184878479,-0.785,0.425
961,-0.474022186,0.188775981,-0.785,0.445
962,-0.481395037,0.192709435,-0.785,0.45
963,-0.493019082,0.197566227,-0.805,0.47
964,-0.508587519,0.204025107,-0.83,0.465
965,-0.526626941,0.2124132,-0.845,0.465
966,-0.545116083,0.222681294,-0.865,0.47
967,-0.562239451,0.234487777,-0.87,0.485
968,-0.577012534,0.247347862,-0.86,0.505
969,-0.589570865,0.260788477,-0.875,0.52
970,-0.601036994,0.274454341,-0.895,0.52
971,-0.613024802,0.288134308,-0.915,0.52
972,-0.626961094,0.301709619,-0.92,0.52
973,-0.643461202,0.315055685,-0.9,0.54
974,-0.661972114,0.327945861,-0.905,0.565
975,-0.680803575,0.340003976,-0.93,0.585
976,-0.697537774,0.350733099,-0.95,0.585
977,-0.709685268,0.359618392,-0.965,0.57
978,-0.71537873,0.36627247,-0.965,0.59
979,-0.713889944,0.370572989,-0.975,0.605
980,-0.705818329,0.372740849,-0.98,0.63
981,-0.692907822,0.373324315,-0.985,0.635
982,-0.677565768,0.373083882,-1.015,0.64
983,-0.662244225,0.372805285,-1.04,0.63
984,-0.64887445,0.373092614,-1.035,0.635
985,-0.638512826,0.374202003,-1.03,0.645
986,-0.631275873,0.375965647,-1.025,0.665
987,-0.626543346,0.37782939,-1.02,0.665
988,-0.623325553,0.378993096,-1.03,0.67
989,-0.620650634,0.378612368,-1.03,0.65
990,-0.617839638,0.376002516,-1.025,0.63
991,-0.614593382,0.370786444,-1.005,0.63
992,-0.610892016,0.362946809,-1,0.635
993,-0.606777074,0.35277325,-0.995,0.635
994,-0.602122597,0.340727928,-0.99,0.63
995,-0.596495766,0.327276711,-1.01,0.6
996,-0.589163895,0.312741914,-0.99,0.59
997,-0.57924239,0.29722309,-0.99,0.565
998,-0.565922104,0.280608568,-0.97,0.565
999,-0.548685462,0.26267017,-0.95,0.555
1000,-0.527428635,0.243206546,-0.94,0.525
1001,-0.502447231,0.222185442,-0.93,0.485
